Model,Accuracy,Precision,Recall,F1,ROC_AUC
Logistic Regression,0.9649122807017544,0.975,0.9285714285714286,0.9512195121951219,0.996031746031746
SVM (RBF),0.9736842105263158,0.975609756097561,0.9523809523809523,0.963855421686747,0.9947089947089947
Random Forest,0.9736842105263158,1.0,0.9285714285714286,0.9629629629629629,0.9943783068783069
"KNN (k=9, distance)",0.9473684210526315,0.9736842105263158,0.8809523809523809,0.925,0.9834656084656086
AdaBoost,0.9824561403508771,1.0,0.9523809523809523,0.975609756097561,0.9890873015873015
Gradient Boosting,0.9649122807017544,1.0,0.9047619047619048,0.95,0.9930555555555556
XGBoost,0.9736842105263158,1.0,0.9285714285714286,0.9629629629629629,0.9927248677248677
Hybrid Super Ensemble,0.9912280701754386,1.0,0.9761904761904762,0.9879518072289156,1.0
